{"cameraMode":{"drawMode":0,"name":"Shaded","section":"Shading Mode"},"sceneLighting":true,"audioPlay":false,"sceneViewState":{"showFog":true,"showMaterialUpdate":false,"showSkybox":true,"showFlares":true,"showImageEffects":true,"showParticleSystems":true},"in2DMode":false,"pivot":{"x":-0.5617839694023132,"y":-5.528685569763184,"z":1.9434047937393189},"rotation":{"x":-0.0006211434956640005,"y":-0.9844147562980652,"z":0.17639878392219544,"w":-0.0038441673386842014},"size":37.595829010009769,"orthographic":false}